{
  "fio version" : "fio-3.12",
  "timestamp" : 1578282280,
  "timestamp_ms" : 1578282280183,
  "time" : "Mon Jan  6 03:44:40 2020",
  "global options" : {
    "ioengine" : "rbd",
    "pool" : "test-normal-hdd",
    "rbdname" : "test",
    "direct" : "1",
    "bs" : "4k",
    "numjobs" : "1",
    "iodepth" : "128",
    "runtime" : "900"
  },
  "jobs" : [
    {
      "jobname" : "test",
      "groupid" : 0,
      "error" : 0,
      "eta" : 0,
      "elapsed" : 902,
      "job options" : {
        "name" : "test",
        "rw" : "randread"
      },
      "read" : {
        "io_bytes" : 6361612288,
        "io_kbytes" : 6212512,
        "bw_bytes" : 7062345,
        "bw" : 6896,
        "iops" : 1724.205382,
        "runtime" : 900779,
        "total_ios" : 1553128,
        "short_ios" : 0,
        "drop_ios" : 0,
        "slat_ns" : {
          "min" : 781,
          "max" : 414889,
          "mean" : 8844.762349,
          "stddev" : 4612.646097
        },
        "clat_ns" : {
          "min" : 270090,
          "max" : 3509389806,
          "mean" : 74223830.006587,
          "stddev" : 336971021.627557,
          "percentile" : {
            "1.000000" : 444416,
            "5.000000" : 518144,
            "10.000000" : 561152,
            "20.000000" : 626688,
            "30.000000" : 684032,
            "40.000000" : 724992,
            "50.000000" : 765952,
            "60.000000" : 823296,
            "70.000000" : 4620288,
            "80.000000" : 20054016,
            "90.000000" : 64225280,
            "95.000000" : 164626432,
            "99.000000" : 2071986176,
            "99.500000" : 2466250752,
            "99.900000" : 2936012800,
            "99.950000" : 3036676096,
            "99.990000" : 3271557120
          }
        },
        "lat_ns" : {
          "min" : 274408,
          "max" : 3509399305,
          "mean" : 74232674.768936,
          "stddev" : 336971055.574186
        },
        "bw_min" : 2048,
        "bw_max" : 23696,
        "bw_agg" : 100.000000,
        "bw_mean" : 6901.524444,
        "bw_dev" : 2789.814044,
        "bw_samples" : 1800,
        "iops_min" : 512,
        "iops_max" : 5924,
        "iops_mean" : 1725.362222,
        "iops_stddev" : 697.454503,
        "iops_samples" : 1800
      },
      "write" : {
        "io_bytes" : 0,
        "io_kbytes" : 0,
        "bw_bytes" : 0,
        "bw" : 0,
        "iops" : 0.000000,
        "runtime" : 0,
        "total_ios" : 0,
        "short_ios" : 0,
        "drop_ios" : 0,
        "slat_ns" : {
          "min" : 0,
          "max" : 0,
          "mean" : 0.000000,
          "stddev" : 0.000000
        },
        "clat_ns" : {
          "min" : 0,
          "max" : 0,
          "mean" : 0.000000,
          "stddev" : 0.000000,
          "percentile" : {
            "1.000000" : 0,
            "5.000000" : 0,
            "10.000000" : 0,
            "20.000000" : 0,
            "30.000000" : 0,
            "40.000000" : 0,
            "50.000000" : 0,
            "60.000000" : 0,
            "70.000000" : 0,
            "80.000000" : 0,
            "90.000000" : 0,
            "95.000000" : 0,
            "99.000000" : 0,
            "99.500000" : 0,
            "99.900000" : 0,
            "99.950000" : 0,
            "99.990000" : 0
          }
        },
        "lat_ns" : {
          "min" : 0,
          "max" : 0,
          "mean" : 0.000000,
          "stddev" : 0.000000
        },
        "bw_min" : 0,
        "bw_max" : 0,
        "bw_agg" : 0.000000,
        "bw_mean" : 0.000000,
        "bw_dev" : 0.000000,
        "bw_samples" : 0,
        "iops_min" : 0,
        "iops_max" : 0,
        "iops_mean" : 0.000000,
        "iops_stddev" : 0.000000,
        "iops_samples" : 0
      },
      "trim" : {
        "io_bytes" : 0,
        "io_kbytes" : 0,
        "bw_bytes" : 0,
        "bw" : 0,
        "iops" : 0.000000,
        "runtime" : 0,
        "total_ios" : 0,
        "short_ios" : 0,
        "drop_ios" : 0,
        "slat_ns" : {
          "min" : 0,
          "max" : 0,
          "mean" : 0.000000,
          "stddev" : 0.000000
        },
        "clat_ns" : {
          "min" : 0,
          "max" : 0,
          "mean" : 0.000000,
          "stddev" : 0.000000,
          "percentile" : {
            "1.000000" : 0,
            "5.000000" : 0,
            "10.000000" : 0,
            "20.000000" : 0,
            "30.000000" : 0,
            "40.000000" : 0,
            "50.000000" : 0,
            "60.000000" : 0,
            "70.000000" : 0,
            "80.000000" : 0,
            "90.000000" : 0,
            "95.000000" : 0,
            "99.000000" : 0,
            "99.500000" : 0,
            "99.900000" : 0,
            "99.950000" : 0,
            "99.990000" : 0
          }
        },
        "lat_ns" : {
          "min" : 0,
          "max" : 0,
          "mean" : 0.000000,
          "stddev" : 0.000000
        },
        "bw_min" : 0,
        "bw_max" : 0,
        "bw_agg" : 0.000000,
        "bw_mean" : 0.000000,
        "bw_dev" : 0.000000,
        "bw_samples" : 0,
        "iops_min" : 0,
        "iops_max" : 0,
        "iops_mean" : 0.000000,
        "iops_stddev" : 0.000000,
        "iops_samples" : 0
      },
      "sync" : {
        "lat_ns" : {
          "min" : 0,
          "max" : 0,
          "mean" : 0.000000,
          "stddev" : 0.000000,
          "percentile" : {
            "1.000000" : 0,
            "5.000000" : 0,
            "10.000000" : 0,
            "20.000000" : 0,
            "30.000000" : 0,
            "40.000000" : 0,
            "50.000000" : 0,
            "60.000000" : 0,
            "70.000000" : 0,
            "80.000000" : 0,
            "90.000000" : 0,
            "95.000000" : 0,
            "99.000000" : 0,
            "99.500000" : 0,
            "99.900000" : 0,
            "99.950000" : 0,
            "99.990000" : 0
          }
        },
        "total_ios" : 0
      },
      "job_runtime" : 900778,
      "usr_cpu" : 3.045589,
      "sys_cpu" : 1.444307,
      "ctx" : 1470954,
      "majf" : 0,
      "minf" : 14667,
      "iodepth_level" : {
        "1" : 0.100000,
        "2" : 0.100000,
        "4" : 0.100000,
        "8" : 0.100000,
        "16" : 0.100000,
        "32" : 0.100000,
        ">=64" : 99.995944
      },
      "iodepth_submit" : {
        "0" : 0.000000,
        "4" : 100.000000,
        "8" : 0.000000,
        "16" : 0.000000,
        "32" : 0.000000,
        "64" : 0.000000,
        ">=64" : 0.000000
      },
      "iodepth_complete" : {
        "0" : 0.000000,
        "4" : 99.999968,
        "8" : 0.000000,
        "16" : 0.000000,
        "32" : 0.000000,
        "64" : 0.000000,
        ">=64" : 0.100000
      },
      "latency_ns" : {
        "2" : 0.000000,
        "4" : 0.000000,
        "10" : 0.000000,
        "20" : 0.000000,
        "50" : 0.000000,
        "100" : 0.000000,
        "250" : 0.000000,
        "500" : 0.000000,
        "750" : 0.000000,
        "1000" : 0.000000
      },
      "latency_us" : {
        "2" : 0.000000,
        "4" : 0.000000,
        "10" : 0.000000,
        "20" : 0.000000,
        "50" : 0.000000,
        "100" : 0.000000,
        "250" : 0.000000,
        "500" : 3.546327,
        "750" : 42.176305,
        "1000" : 22.370983
      },
      "latency_ms" : {
        "2" : 1.030630,
        "4" : 0.526100,
        "10" : 4.451919,
        "20" : 5.836093,
        "50" : 8.000306,
        "100" : 4.992312,
        "250" : 2.890554,
        "500" : 0.725632,
        "750" : 0.327146,
        "1000" : 0.243058,
        "2000" : 0.000000,
        ">=2000" : 0.000000
      },
      "latency_depth" : 128,
      "latency_target" : 0,
      "latency_percentile" : 100.000000,
      "latency_window" : 0
    }
  ]
}
