{
  "fio version" : "fio-3.12",
  "timestamp" : 1578262458,
  "timestamp_ms" : 1578262458061,
  "time" : "Sun Jan  5 22:14:18 2020",
  "global options" : {
    "ioengine" : "rbd",
    "pool" : "test-mach2",
    "rbdname" : "test",
    "direct" : "1",
    "bs" : "4k",
    "numjobs" : "1",
    "iodepth" : "4",
    "runtime" : "900"
  },
  "jobs" : [
    {
      "jobname" : "test",
      "groupid" : 0,
      "error" : 0,
      "eta" : 0,
      "elapsed" : 901,
      "job options" : {
        "name" : "test",
        "rw" : "randread"
      },
      "read" : {
        "io_bytes" : 3807588352,
        "io_kbytes" : 3718348,
        "bw_bytes" : 4230587,
        "bw" : 4131,
        "iops" : 1032.858378,
        "runtime" : 900014,
        "total_ios" : 929587,
        "short_ios" : 0,
        "drop_ios" : 0,
        "slat_ns" : {
          "min" : 858,
          "max" : 1124995,
          "mean" : 10230.376578,
          "stddev" : 6230.946724
        },
        "clat_ns" : {
          "min" : 280156,
          "max" : 369625000,
          "mean" : 3858442.829464,
          "stddev" : 6985162.343452,
          "percentile" : {
            "1.000000" : 440320,
            "5.000000" : 514048,
            "10.000000" : 561152,
            "20.000000" : 618496,
            "30.000000" : 675840,
            "40.000000" : 724992,
            "50.000000" : 765952,
            "60.000000" : 823296,
            "70.000000" : 5013504,
            "80.000000" : 8159232,
            "90.000000" : 11206656,
            "95.000000" : 13697024,
            "99.000000" : 21889024,
            "99.500000" : 25559040,
            "99.900000" : 36962304,
            "99.950000" : 47448064,
            "99.990000" : 283115520
          }
        },
        "lat_ns" : {
          "min" : 290196,
          "max" : 369645405,
          "mean" : 3868673.206042,
          "stddev" : 6986590.595213
        },
        "bw_min" : 584,
        "bw_max" : 17240,
        "bw_agg" : 99.998964,
        "bw_mean" : 4130.957222,
        "bw_dev" : 3956.118049,
        "bw_samples" : 1800,
        "iops_min" : 146,
        "iops_max" : 4310,
        "iops_mean" : 1032.729444,
        "iops_stddev" : 989.020891,
        "iops_samples" : 1800
      },
      "write" : {
        "io_bytes" : 0,
        "io_kbytes" : 0,
        "bw_bytes" : 0,
        "bw" : 0,
        "iops" : 0.000000,
        "runtime" : 0,
        "total_ios" : 0,
        "short_ios" : 0,
        "drop_ios" : 0,
        "slat_ns" : {
          "min" : 0,
          "max" : 0,
          "mean" : 0.000000,
          "stddev" : 0.000000
        },
        "clat_ns" : {
          "min" : 0,
          "max" : 0,
          "mean" : 0.000000,
          "stddev" : 0.000000,
          "percentile" : {
            "1.000000" : 0,
            "5.000000" : 0,
            "10.000000" : 0,
            "20.000000" : 0,
            "30.000000" : 0,
            "40.000000" : 0,
            "50.000000" : 0,
            "60.000000" : 0,
            "70.000000" : 0,
            "80.000000" : 0,
            "90.000000" : 0,
            "95.000000" : 0,
            "99.000000" : 0,
            "99.500000" : 0,
            "99.900000" : 0,
            "99.950000" : 0,
            "99.990000" : 0
          }
        },
        "lat_ns" : {
          "min" : 0,
          "max" : 0,
          "mean" : 0.000000,
          "stddev" : 0.000000
        },
        "bw_min" : 0,
        "bw_max" : 0,
        "bw_agg" : 0.000000,
        "bw_mean" : 0.000000,
        "bw_dev" : 0.000000,
        "bw_samples" : 0,
        "iops_min" : 0,
        "iops_max" : 0,
        "iops_mean" : 0.000000,
        "iops_stddev" : 0.000000,
        "iops_samples" : 0
      },
      "trim" : {
        "io_bytes" : 0,
        "io_kbytes" : 0,
        "bw_bytes" : 0,
        "bw" : 0,
        "iops" : 0.000000,
        "runtime" : 0,
        "total_ios" : 0,
        "short_ios" : 0,
        "drop_ios" : 0,
        "slat_ns" : {
          "min" : 0,
          "max" : 0,
          "mean" : 0.000000,
          "stddev" : 0.000000
        },
        "clat_ns" : {
          "min" : 0,
          "max" : 0,
          "mean" : 0.000000,
          "stddev" : 0.000000,
          "percentile" : {
            "1.000000" : 0,
            "5.000000" : 0,
            "10.000000" : 0,
            "20.000000" : 0,
            "30.000000" : 0,
            "40.000000" : 0,
            "50.000000" : 0,
            "60.000000" : 0,
            "70.000000" : 0,
            "80.000000" : 0,
            "90.000000" : 0,
            "95.000000" : 0,
            "99.000000" : 0,
            "99.500000" : 0,
            "99.900000" : 0,
            "99.950000" : 0,
            "99.990000" : 0
          }
        },
        "lat_ns" : {
          "min" : 0,
          "max" : 0,
          "mean" : 0.000000,
          "stddev" : 0.000000
        },
        "bw_min" : 0,
        "bw_max" : 0,
        "bw_agg" : 0.000000,
        "bw_mean" : 0.000000,
        "bw_dev" : 0.000000,
        "bw_samples" : 0,
        "iops_min" : 0,
        "iops_max" : 0,
        "iops_mean" : 0.000000,
        "iops_stddev" : 0.000000,
        "iops_samples" : 0
      },
      "sync" : {
        "lat_ns" : {
          "min" : 0,
          "max" : 0,
          "mean" : 0.000000,
          "stddev" : 0.000000,
          "percentile" : {
            "1.000000" : 0,
            "5.000000" : 0,
            "10.000000" : 0,
            "20.000000" : 0,
            "30.000000" : 0,
            "40.000000" : 0,
            "50.000000" : 0,
            "60.000000" : 0,
            "70.000000" : 0,
            "80.000000" : 0,
            "90.000000" : 0,
            "95.000000" : 0,
            "99.000000" : 0,
            "99.500000" : 0,
            "99.900000" : 0,
            "99.950000" : 0,
            "99.990000" : 0
          }
        },
        "total_ios" : 0
      },
      "job_runtime" : 900013,
      "usr_cpu" : 2.228857,
      "sys_cpu" : 1.182316,
      "ctx" : 879184,
      "majf" : 0,
      "minf" : 14889,
      "iodepth_level" : {
        "1" : 0.100000,
        "2" : 0.100000,
        "4" : 99.999677,
        "8" : 0.000000,
        "16" : 0.000000,
        "32" : 0.000000,
        ">=64" : 0.000000
      },
      "iodepth_submit" : {
        "0" : 0.000000,
        "4" : 100.000000,
        "8" : 0.000000,
        "16" : 0.000000,
        "32" : 0.000000,
        "64" : 0.000000,
        ">=64" : 0.000000
      },
      "iodepth_complete" : {
        "0" : 0.000000,
        "4" : 100.000000,
        "8" : 0.000000,
        "16" : 0.000000,
        "32" : 0.000000,
        "64" : 0.000000,
        ">=64" : 0.000000
      },
      "latency_ns" : {
        "2" : 0.000000,
        "4" : 0.000000,
        "10" : 0.000000,
        "20" : 0.000000,
        "50" : 0.000000,
        "100" : 0.000000,
        "250" : 0.000000,
        "500" : 0.000000,
        "750" : 0.000000,
        "1000" : 0.000000
      },
      "latency_us" : {
        "2" : 0.000000,
        "4" : 0.000000,
        "10" : 0.000000,
        "20" : 0.000000,
        "50" : 0.000000,
        "100" : 0.000000,
        "250" : 0.000000,
        "500" : 3.749407,
        "750" : 42.441859,
        "1000" : 20.221776
      },
      "latency_ms" : {
        "2" : 0.564552,
        "4" : 0.754636,
        "10" : 18.334163,
        "20" : 12.407876,
        "50" : 1.479151,
        "100" : 0.014845,
        "250" : 0.011188,
        "500" : 0.020547,
        "750" : 0.000000,
        "1000" : 0.000000,
        "2000" : 0.000000,
        ">=2000" : 0.000000
      },
      "latency_depth" : 4,
      "latency_target" : 0,
      "latency_percentile" : 100.000000,
      "latency_window" : 0
    }
  ]
}
