{
  "fio version" : "fio-3.12",
  "timestamp" : 1578273268,
  "timestamp_ms" : 1578273268967,
  "time" : "Mon Jan  6 01:14:28 2020",
  "global options" : {
    "ioengine" : "rbd",
    "pool" : "test-mach2",
    "rbdname" : "test",
    "direct" : "1",
    "bs" : "4k",
    "numjobs" : "1",
    "iodepth" : "32",
    "runtime" : "900"
  },
  "jobs" : [
    {
      "jobname" : "test",
      "groupid" : 0,
      "error" : 0,
      "eta" : 0,
      "elapsed" : 901,
      "job options" : {
        "name" : "test",
        "rw" : "randread"
      },
      "read" : {
        "io_bytes" : 7375400960,
        "io_kbytes" : 7202540,
        "bw_bytes" : 8194562,
        "bw" : 8002,
        "iops" : 2000.625531,
        "runtime" : 900036,
        "total_ios" : 1800635,
        "short_ios" : 0,
        "drop_ios" : 0,
        "slat_ns" : {
          "min" : 981,
          "max" : 403007,
          "mean" : 9045.654595,
          "stddev" : 4804.296097
        },
        "clat_ns" : {
          "min" : 281145,
          "max" : 938333818,
          "mean" : 15982374.173129,
          "stddev" : 37596750.922077,
          "percentile" : {
            "1.000000" : 468992,
            "5.000000" : 544768,
            "10.000000" : 593920,
            "20.000000" : 667648,
            "30.000000" : 733184,
            "40.000000" : 823296,
            "50.000000" : 6389760,
            "60.000000" : 9764864,
            "70.000000" : 13172736,
            "80.000000" : 19529728,
            "90.000000" : 34340864,
            "95.000000" : 57933824,
            "99.000000" : 204472320,
            "99.500000" : 258998272,
            "99.900000" : 404750336,
            "99.950000" : 505413632,
            "99.990000" : 725614592
          }
        },
        "lat_ns" : {
          "min" : 284722,
          "max" : 938347630,
          "mean" : 15991419.827724,
          "stddev" : 37596774.877425
        },
        "bw_min" : 1392,
        "bw_max" : 17464,
        "bw_agg" : 99.997299,
        "bw_mean" : 8001.783889,
        "bw_dev" : 2601.386024,
        "bw_samples" : 1800,
        "iops_min" : 348,
        "iops_max" : 4366,
        "iops_mean" : 2000.420000,
        "iops_stddev" : 650.356183,
        "iops_samples" : 1800
      },
      "write" : {
        "io_bytes" : 0,
        "io_kbytes" : 0,
        "bw_bytes" : 0,
        "bw" : 0,
        "iops" : 0.000000,
        "runtime" : 0,
        "total_ios" : 0,
        "short_ios" : 0,
        "drop_ios" : 0,
        "slat_ns" : {
          "min" : 0,
          "max" : 0,
          "mean" : 0.000000,
          "stddev" : 0.000000
        },
        "clat_ns" : {
          "min" : 0,
          "max" : 0,
          "mean" : 0.000000,
          "stddev" : 0.000000,
          "percentile" : {
            "1.000000" : 0,
            "5.000000" : 0,
            "10.000000" : 0,
            "20.000000" : 0,
            "30.000000" : 0,
            "40.000000" : 0,
            "50.000000" : 0,
            "60.000000" : 0,
            "70.000000" : 0,
            "80.000000" : 0,
            "90.000000" : 0,
            "95.000000" : 0,
            "99.000000" : 0,
            "99.500000" : 0,
            "99.900000" : 0,
            "99.950000" : 0,
            "99.990000" : 0
          }
        },
        "lat_ns" : {
          "min" : 0,
          "max" : 0,
          "mean" : 0.000000,
          "stddev" : 0.000000
        },
        "bw_min" : 0,
        "bw_max" : 0,
        "bw_agg" : 0.000000,
        "bw_mean" : 0.000000,
        "bw_dev" : 0.000000,
        "bw_samples" : 0,
        "iops_min" : 0,
        "iops_max" : 0,
        "iops_mean" : 0.000000,
        "iops_stddev" : 0.000000,
        "iops_samples" : 0
      },
      "trim" : {
        "io_bytes" : 0,
        "io_kbytes" : 0,
        "bw_bytes" : 0,
        "bw" : 0,
        "iops" : 0.000000,
        "runtime" : 0,
        "total_ios" : 0,
        "short_ios" : 0,
        "drop_ios" : 0,
        "slat_ns" : {
          "min" : 0,
          "max" : 0,
          "mean" : 0.000000,
          "stddev" : 0.000000
        },
        "clat_ns" : {
          "min" : 0,
          "max" : 0,
          "mean" : 0.000000,
          "stddev" : 0.000000,
          "percentile" : {
            "1.000000" : 0,
            "5.000000" : 0,
            "10.000000" : 0,
            "20.000000" : 0,
            "30.000000" : 0,
            "40.000000" : 0,
            "50.000000" : 0,
            "60.000000" : 0,
            "70.000000" : 0,
            "80.000000" : 0,
            "90.000000" : 0,
            "95.000000" : 0,
            "99.000000" : 0,
            "99.500000" : 0,
            "99.900000" : 0,
            "99.950000" : 0,
            "99.990000" : 0
          }
        },
        "lat_ns" : {
          "min" : 0,
          "max" : 0,
          "mean" : 0.000000,
          "stddev" : 0.000000
        },
        "bw_min" : 0,
        "bw_max" : 0,
        "bw_agg" : 0.000000,
        "bw_mean" : 0.000000,
        "bw_dev" : 0.000000,
        "bw_samples" : 0,
        "iops_min" : 0,
        "iops_max" : 0,
        "iops_mean" : 0.000000,
        "iops_stddev" : 0.000000,
        "iops_samples" : 0
      },
      "sync" : {
        "lat_ns" : {
          "min" : 0,
          "max" : 0,
          "mean" : 0.000000,
          "stddev" : 0.000000,
          "percentile" : {
            "1.000000" : 0,
            "5.000000" : 0,
            "10.000000" : 0,
            "20.000000" : 0,
            "30.000000" : 0,
            "40.000000" : 0,
            "50.000000" : 0,
            "60.000000" : 0,
            "70.000000" : 0,
            "80.000000" : 0,
            "90.000000" : 0,
            "95.000000" : 0,
            "99.000000" : 0,
            "99.500000" : 0,
            "99.900000" : 0,
            "99.950000" : 0,
            "99.990000" : 0
          }
        },
        "total_ios" : 0
      },
      "job_runtime" : 900035,
      "usr_cpu" : 3.610304,
      "sys_cpu" : 1.738599,
      "ctx" : 1672535,
      "majf" : 0,
      "minf" : 11667,
      "iodepth_level" : {
        "1" : 0.100000,
        "2" : 0.100000,
        "4" : 0.100000,
        "8" : 0.100000,
        "16" : 0.100000,
        "32" : 99.998278,
        ">=64" : 0.000000
      },
      "iodepth_submit" : {
        "0" : 0.000000,
        "4" : 100.000000,
        "8" : 0.000000,
        "16" : 0.000000,
        "32" : 0.000000,
        "64" : 0.000000,
        ">=64" : 0.000000
      },
      "iodepth_complete" : {
        "0" : 0.000000,
        "4" : 99.999972,
        "8" : 0.000000,
        "16" : 0.000000,
        "32" : 0.100000,
        "64" : 0.000000,
        ">=64" : 0.000000
      },
      "latency_ns" : {
        "2" : 0.000000,
        "4" : 0.000000,
        "10" : 0.000000,
        "20" : 0.000000,
        "50" : 0.000000,
        "100" : 0.000000,
        "250" : 0.000000,
        "500" : 0.000000,
        "750" : 0.000000,
        "1000" : 0.000000
      },
      "latency_us" : {
        "2" : 0.000000,
        "4" : 0.000000,
        "10" : 0.000000,
        "20" : 0.000000,
        "50" : 0.000000,
        "100" : 0.000000,
        "250" : 0.000000,
        "500" : 2.096705,
        "750" : 30.232835,
        "1000" : 11.082090
      },
      "latency_ms" : {
        "2" : 0.365482,
        "4" : 0.844758,
        "10" : 16.231996,
        "20" : 19.624077,
        "50" : 13.435427,
        "100" : 3.448617,
        "250" : 2.079044,
        "500" : 0.507488,
        "750" : 0.044262,
        "1000" : 0.010000,
        "2000" : 0.000000,
        ">=2000" : 0.000000
      },
      "latency_depth" : 32,
      "latency_target" : 0,
      "latency_percentile" : 100.000000,
      "latency_window" : 0
    }
  ]
}
