{
  "fio version" : "fio-3.12",
  "timestamp" : 1578271467,
  "timestamp_ms" : 1578271467019,
  "time" : "Mon Jan  6 00:44:27 2020",
  "global options" : {
    "ioengine" : "rbd",
    "pool" : "test-normal-hdd",
    "rbdname" : "test",
    "direct" : "1",
    "bs" : "4k",
    "numjobs" : "1",
    "iodepth" : "16",
    "runtime" : "900"
  },
  "jobs" : [
    {
      "jobname" : "test",
      "groupid" : 0,
      "error" : 0,
      "eta" : 0,
      "elapsed" : 901,
      "job options" : {
        "name" : "test",
        "rw" : "randread"
      },
      "read" : {
        "io_bytes" : 6270259200,
        "io_kbytes" : 6123300,
        "bw_bytes" : 6966645,
        "bw" : 6803,
        "iops" : 1700.841074,
        "runtime" : 900040,
        "total_ios" : 1530825,
        "short_ios" : 0,
        "drop_ios" : 0,
        "slat_ns" : {
          "min" : 930,
          "max" : 1045986,
          "mean" : 8241.254311,
          "stddev" : 5143.211946
        },
        "clat_ns" : {
          "min" : 265946,
          "max" : 522203619,
          "mean" : 9395648.857618,
          "stddev" : 20491444.097449,
          "percentile" : {
            "1.000000" : 399360,
            "5.000000" : 464896,
            "10.000000" : 505856,
            "20.000000" : 561152,
            "30.000000" : 602112,
            "40.000000" : 651264,
            "50.000000" : 716800,
            "60.000000" : 782336,
            "70.000000" : 3915776,
            "80.000000" : 15532032,
            "90.000000" : 29491200,
            "95.000000" : 46399488,
            "99.000000" : 93847552,
            "99.500000" : 112721920,
            "99.900000" : 202375168,
            "99.950000" : 235929600,
            "99.990000" : 304087040
          }
        },
        "lat_ns" : {
          "min" : 270385,
          "max" : 522214569,
          "mean" : 9403890.111930,
          "stddev" : 20491916.616648
        },
        "bw_min" : 1032,
        "bw_max" : 27352,
        "bw_agg" : 99.997444,
        "bw_mean" : 6802.826111,
        "bw_dev" : 6114.204935,
        "bw_samples" : 1800,
        "iops_min" : 258,
        "iops_max" : 6838,
        "iops_mean" : 1700.679444,
        "iops_stddev" : 1528.559756,
        "iops_samples" : 1800
      },
      "write" : {
        "io_bytes" : 0,
        "io_kbytes" : 0,
        "bw_bytes" : 0,
        "bw" : 0,
        "iops" : 0.000000,
        "runtime" : 0,
        "total_ios" : 0,
        "short_ios" : 0,
        "drop_ios" : 0,
        "slat_ns" : {
          "min" : 0,
          "max" : 0,
          "mean" : 0.000000,
          "stddev" : 0.000000
        },
        "clat_ns" : {
          "min" : 0,
          "max" : 0,
          "mean" : 0.000000,
          "stddev" : 0.000000,
          "percentile" : {
            "1.000000" : 0,
            "5.000000" : 0,
            "10.000000" : 0,
            "20.000000" : 0,
            "30.000000" : 0,
            "40.000000" : 0,
            "50.000000" : 0,
            "60.000000" : 0,
            "70.000000" : 0,
            "80.000000" : 0,
            "90.000000" : 0,
            "95.000000" : 0,
            "99.000000" : 0,
            "99.500000" : 0,
            "99.900000" : 0,
            "99.950000" : 0,
            "99.990000" : 0
          }
        },
        "lat_ns" : {
          "min" : 0,
          "max" : 0,
          "mean" : 0.000000,
          "stddev" : 0.000000
        },
        "bw_min" : 0,
        "bw_max" : 0,
        "bw_agg" : 0.000000,
        "bw_mean" : 0.000000,
        "bw_dev" : 0.000000,
        "bw_samples" : 0,
        "iops_min" : 0,
        "iops_max" : 0,
        "iops_mean" : 0.000000,
        "iops_stddev" : 0.000000,
        "iops_samples" : 0
      },
      "trim" : {
        "io_bytes" : 0,
        "io_kbytes" : 0,
        "bw_bytes" : 0,
        "bw" : 0,
        "iops" : 0.000000,
        "runtime" : 0,
        "total_ios" : 0,
        "short_ios" : 0,
        "drop_ios" : 0,
        "slat_ns" : {
          "min" : 0,
          "max" : 0,
          "mean" : 0.000000,
          "stddev" : 0.000000
        },
        "clat_ns" : {
          "min" : 0,
          "max" : 0,
          "mean" : 0.000000,
          "stddev" : 0.000000,
          "percentile" : {
            "1.000000" : 0,
            "5.000000" : 0,
            "10.000000" : 0,
            "20.000000" : 0,
            "30.000000" : 0,
            "40.000000" : 0,
            "50.000000" : 0,
            "60.000000" : 0,
            "70.000000" : 0,
            "80.000000" : 0,
            "90.000000" : 0,
            "95.000000" : 0,
            "99.000000" : 0,
            "99.500000" : 0,
            "99.900000" : 0,
            "99.950000" : 0,
            "99.990000" : 0
          }
        },
        "lat_ns" : {
          "min" : 0,
          "max" : 0,
          "mean" : 0.000000,
          "stddev" : 0.000000
        },
        "bw_min" : 0,
        "bw_max" : 0,
        "bw_agg" : 0.000000,
        "bw_mean" : 0.000000,
        "bw_dev" : 0.000000,
        "bw_samples" : 0,
        "iops_min" : 0,
        "iops_max" : 0,
        "iops_mean" : 0.000000,
        "iops_stddev" : 0.000000,
        "iops_samples" : 0
      },
      "sync" : {
        "lat_ns" : {
          "min" : 0,
          "max" : 0,
          "mean" : 0.000000,
          "stddev" : 0.000000,
          "percentile" : {
            "1.000000" : 0,
            "5.000000" : 0,
            "10.000000" : 0,
            "20.000000" : 0,
            "30.000000" : 0,
            "40.000000" : 0,
            "50.000000" : 0,
            "60.000000" : 0,
            "70.000000" : 0,
            "80.000000" : 0,
            "90.000000" : 0,
            "95.000000" : 0,
            "99.000000" : 0,
            "99.500000" : 0,
            "99.900000" : 0,
            "99.950000" : 0,
            "99.990000" : 0
          }
        },
        "total_ios" : 0
      },
      "job_runtime" : 900039,
      "usr_cpu" : 2.794101,
      "sys_cpu" : 1.423272,
      "ctx" : 1432985,
      "majf" : 0,
      "minf" : 18133,
      "iodepth_level" : {
        "1" : 0.100000,
        "2" : 0.100000,
        "4" : 0.100000,
        "8" : 0.100000,
        "16" : 99.999020,
        "32" : 0.000000,
        ">=64" : 0.000000
      },
      "iodepth_submit" : {
        "0" : 0.000000,
        "4" : 100.000000,
        "8" : 0.000000,
        "16" : 0.000000,
        "32" : 0.000000,
        "64" : 0.000000,
        ">=64" : 0.000000
      },
      "iodepth_complete" : {
        "0" : 0.000000,
        "4" : 99.999967,
        "8" : 0.000000,
        "16" : 0.100000,
        "32" : 0.000000,
        "64" : 0.000000,
        ">=64" : 0.000000
      },
      "latency_ns" : {
        "2" : 0.000000,
        "4" : 0.000000,
        "10" : 0.000000,
        "20" : 0.000000,
        "50" : 0.000000,
        "100" : 0.000000,
        "250" : 0.000000,
        "500" : 0.000000,
        "750" : 0.000000,
        "1000" : 0.000000
      },
      "latency_us" : {
        "2" : 0.000000,
        "4" : 0.000000,
        "10" : 0.000000,
        "20" : 0.000000,
        "50" : 0.000000,
        "100" : 0.000000,
        "250" : 0.000000,
        "500" : 9.231427,
        "750" : 46.326850,
        "1000" : 13.497297
      },
      "latency_ms" : {
        "2" : 0.554146,
        "4" : 0.427155,
        "10" : 4.554472,
        "20" : 9.627750,
        "50" : 11.377003,
        "100" : 3.653063,
        "250" : 0.713863,
        "500" : 0.036843,
        "750" : 0.010000,
        "1000" : 0.000000,
        "2000" : 0.000000,
        ">=2000" : 0.000000
      },
      "latency_depth" : 16,
      "latency_target" : 0,
      "latency_percentile" : 100.000000,
      "latency_window" : 0
    }
  ]
}
